Uuendatud Githubis,https://github.com/Demokraatialabor/Protsessid,05.08.2018,,aasta/tähtajatu,,,,,,asutus;töökoht,,institutsioon - suuremast väiksemani,"""Vajab täpsustamist."" lisada, kui ei ole konkreetne.",,töökoht,,,,,,Vaba vastusega,,Dokumendi nimi,,,,"kuupäev, viide",,,,
Andmetüüp / vorm,unikaalne ID,sõne,täisarv,täisarv,epost,täisarv,link,int,link,sõne,sõne,sõne,sõne,vaba tekst,sõne,sõne,sõne,vabatekst,sõne,sõne,sõne,täisarv,sõne,täisarv,link,sõne,,,,,sõne
Dokumendi nimi,Dokumendi kood,Dokumendi liik,Algus (a),Lõpp (a),Koostamisprotsesssi kontakt,Hierarhia,Viide,Maht (lk),Viide Metapdf,Vastutaja,Algatus,Koostamine,Konsulteerimine koostamisel,Konsulteerimine koostamisel - lisainfo,Juhtimine,Otsustamine,Täideviimine,Eesmärk,Märksõnad,Tegevussuunad,Tulemuste monitooring/järjehoidmine,Intervall,Järeldus/lõppraport/analüüs,Kuupäev,Viide,Seotud dokumendid,Rakenduskavad,Rahastus,Viide,Muu,Horisontaalne teema
Infoühiskonna AK 2020,DOK-001,AK,2014,2020,,1,https://www.mkm.ee/sites/default/files/elfinder/article_files/eesti_infouhiskonna_arengukava.pdf,45,,MKM,Riigikantselei,MKM,"Töötoad era-, vaba- ja avaliku sektori partneritega;avalik konsultatsioon;Teadus- ja Arendusnõukogu",,MKM;majandusminister;infoühiskonna nõukogu,VV,rakendusplaanid;temaatilised töörühmad;temaatilised võrgustikud;riigiasutuste IT-juhtide võrgustik,"Interneti kättesaadavuse suurendamine
digitaalse kirjaoskuse arendamine isikliku heaolu suurendamiseks
paremate avalike teenuste arendamine
infoühiskonna arengu seire, analüüs ja tutvustamine",,,MKM;Riigikantselei;visoonivõrgustik,,puudub,,,Eesti 2020;Säästev Eesti 21;Eesti julgeolekupoliitika alused;küberjulgeoleku strateegia 2014-2017;Eesti elukestva õppe strateegia 2014-2020;Eesti teadus- ja arendustegevuste ning innovatsiooni (TAI) strateegia 2014-2020;Eesti ettevõtluse kasvustrateegia 2014-2020;regionaalarengu strateegia 2020;kohaliku omavalitsuse infoühiskonna arengukava 2015;eesti keele arengukava 2011-2017;siseturvalisuse arengukava 2015-2020 ,Olemas,"Riigieelarve;EL struktuurifondid;muud välisvahendid;sihtasutuse omavahendid (nt Eesti Lairiba Arendamise SA, Eesti Interneti SA);eelarve: 216 840 000",http://infoyhiskond.eesti.ee/files/Rakendusplaan_2014-2015_web.pdf;https://www.valitsus.ee/sites/default/files/content-editors/arengukavad/eesti_infouhiskonna_arengukava_2020_rakendusplaan_2017-2021.xlsx,http://infoyhiskond.eesti.ee/et,
KODAR 2015-2020,DOK-002,AK,2015,2020,,,https://kysk.ee/failid/Upload/files/KODAR.pdf,27,,SIM,SIM,SIM;Eesti Kodanikuühiskonna arengu kontseptsiooni ühiskomisjon,[noinfo],,SIM,Eesti Kodanikuühiskonna arengu kontseptsiooni ühiskomisjon;VV,rakendusplaanid; Eesti Kodanikuühiskonna arengu kontseptsiooni ühiskomisjon;kodanikuühendused;Riigikantselei;SIM;HTM;SOM;KUM;JUM;RAM,"Kodanikeühenduste poliitika kujundamises osalemise väärtustamine
Kodanikeühenduste mõju suurendamine ühiskondlike probleemide ennetamisele ja lahendamisele ning inimeste heaolu parandamisele
Kodanikeühenduse võimekuse suurendamine",,,Rakendusplaani uuendamine;aasta,1,aruanne;esimese tegevusaasta kohta,,https://www.valitsus.ee/sites/default/files/content-editors/arengukavad/kodar_aruanne_2015._aasta_kohta.pdf,Eesti 2020;Säästev Eesti 21;Eesti julgeolekupoliitika alused;Eesti elukestva õppe strateegia 2014-2020;siseturvalisuse arengukava 2015-2020;Lõimuv Eesti 2020;Noortevaldkonna arengukava 2014-2020;Eesti tegevuskava avatud valitsemise partnerluses osalemiseks 2014-2016;Euroopa Komisjon ja kodanikuühendused: partnerluse tugevdamine;siseministeeriumi valitsemisala tegevuskava ,Olemas,Riigieelarve;välisvahendid;võimalusel era- ja kolmanda sektori vahendid;eelarve: 7 664 793,https://www.siseministeerium.ee/sites/default/files/elfinder/article_files/_kodar_rakendusplaan_2016-2019.pdf,https://www.siseministeerium.ee/sites/default/files/dokumendid/Arengukavad/kaasamise_kava_kodar.pdf,
AVP TK 2016-2018,DOK-003,TK,2016,2018,,,https://riigikantselei.ee/sites/default/files/content-editors/Failid/AVP/avp_2016-2018_tegevuskava.pdf,25,,Riigikantselei;riigisekretär,Riigikantselei,AVP koordineeriv kogu,avalik konsultatsioon,,Riigikantselei;strateegiabüroo,AVP koordineeriv kogu,AVP koordineeriv kogu;Riigikantselei;VÄM,"Kodanikukesksete avalike teenuste arendamine
Avatud ja kaasav poliitikakujundamine",,,Riigikantselei;vahearuanded;aasta,1,aruanne;tegevuskava täitmise iga-aastased aruanded,,https://www.opengovpartnership.org/documents/estonia-mid-term-report-2016-2018,,Olemas,,,,
OECD riigivalitsemise raporti tegevuskava 2014,DOK-004,TK,2015,2023,,,https://riigikantselei.ee/sites/default/files/riigikantselei/strateegiaburoo/haldusvoimekuse_ja_oecd_riigivalitsemise_raporti_tegevuskava_10.12.2014.pdf,10,,Riigikantselei;riigisekretär,Riigikantselei,Riigikantselei,koostatud OECD raportile vastavalt,,Riigisekretär,VV ,RAM;MKM;JUM;SIM;Praxis;Eesti Koostöö Kogu;EMSL,"Poliitikakujundamise võimekuse suurendamine
Paremad avalikud teenused
Halduskoormuse vähendamine kodanike ja ettevõtete jaoks
Osaliste koostöö paranemine
Tõhusam ressursikasutus",,,aruanne;aasta;Haldusvõimekuse arendamise valdkondlik komisjon,1,puudub,,,Regionaalarengu AK;Infoühiskonna AK,Olemas,EL struktuuritoetus,https://riigikantselei.ee/sites/default/files/content-editors/Failid/oecd_raporti_elluviimise_kava.pdf,https://www.rahandusministeerium.ee/sites/default/files/2016.03.16_poliitikakujundamise_meetme_tort_seletuskiri.pdf;https://zonecloud.ee/index.php/s/jgjMDiSXw5ebvZc,
Õiguspoliitika arengusuunad aastani 2018 (ÕPAS),DOK-005,STR,2011,2018,,,https://www.riigiteataja.ee/akt/307032011001,5,,JUM;justiitsminister,JUM,JUM,[noinfo],,JUM,VV,JUM,"Hea õigusloome eeskirja rakendumine
Valitsuse õigusloome vähendamine",,,ülevaated;aasta,1,puudub,,https://www.just.ee/et/eesmargid-tegevused/oiguspoliitika/oiguspoliitika-arengusuunad,,,,,https://www.just.ee/sites/www.just.ee/files/elfinder/article_files/oiguspoliitika_arengusuundade_seletuskiri.pdf,
Õigusloome mahu vähendamise TK 2015,DOK-006,TK,2015,[noinfo],,,https://www.just.ee/sites/www.just.ee/files/oigusloome_mahu_vahendamise_kava_2016.pdf,11,,JUM;justiitsminister,JUM,JUM;Riigikantselei,avalik konsultatsioon,,JUM,VV,,"vähendada õigusloome mahtu ja bürokraatiat
kehtestada põhjalikumalt läbimõeldud reegleid
arvestada õiguse kujundamisel sellega kaasnevat mõju ja huvirühmade seisukohti
vähendada Eesti ja ELi õigusega kaasnevat ettevõtjate ja kodanike halduskoormust",,,ettekanded;aasta,1,puudub,,,Õiguspoliitika arengusuundadest aastani 2018;Eesti avatud valitsemise partnerluse tegevuskava 2014-2016,https://www.just.ee/sites/www.just.ee/files/omvk_rakendusplaan.pdf,,,https://www.riigiteataja.ee/aktilisa/3030/6201/5006/231klisa.pdf,
Regionaalarengu str 2014-2020,DOK-007,STR,2014,2020,,,https://www.siseministeerium.ee/sites/default/files/dokumendid/eesti_regionaalarengu_strateegia_2014-2020.pdf,48,,SIM;regionaalminister,SIM,RAM;MKM;MEM;SOM;HTM;JUM;KEM;SIM,"ministeeriumid;maakondlikud omavalitsuste liidud;maavalitsused;sihtgrupid
",,SIM,VV,VV;KEM;MKM;SOM;HTM;MEM;KUM;RAM;KOV;maavalitsused;EAS;maakondlikud arendamiskeskused;ülikoolide regionaalsed kolledžid,"Toimepiirkondade terviklikkust ja konkurentsivõimet soosiv elu- ja ettevõtluskeskkond
Suuremate linnapiirkondade rahvusvahelist majanduslikku konkurentsivõimet soosiv ja keskkonnasõbralik elukeskkond
Piirkonnaspetsiifiliste ressursside oskuslikum ärakasutatus
Piirkondade tugevam sidustatus ja arendusvõimekus",,,seirearuanded;vahehinnang;aasta,1,puudub,,,"Eesti kõrgharidusstrateegia aastateks 2006-2015;Laste ja perede arengukava 2012-2020;rahvastiku tervise arengukava 2009-2020;liikumisharrastuse arengukava aastateks 2011-2014;riiklik arengukava ""Eesti merendus poliitika 2012-2020"";looduskaitse arengukava aastani 2020, eesti keele AK 2011-2017;energiamajanduse riiklik AK aastani 2020;kodanikuühiskonna AK 2011-2014",https://www.rahandusministeerium.ee/sites/default/files/document_files/REGO/lisa_1_eras_2020_rakendusplaan_2014-17.pdf,EL ühtekuuluvuspoliitika fondid,,https://www.valitsus.ee/sites/default/files/content-editors/arengukavad/eras_2014-15_seirearuanne.pdf,
Riigireformi TK 2017 jaanuar - 2019 märts,DOK-008,TK,2017,2019,,,https://www.rahandusministeerium.ee/sites/default/files/riigireformi_tegevuskava_11_5_2017.pdf,8,,RAM;riigihalduse minister,VV,RAM ,kõik ministeeriumid;avaliku teenistuse tippjuhid,,RAM;JUM,VV,Riigireformi koordinatsioonikogu,"kvaliteetsemate teenuste pakkumine inimestele
maapiirkondade konkurentsivõime kasv
valitsemise mahu vähenemine avalikus sektoris",,,Riigikogu riigireformi arengusuundade väljatöötamise probleemkomisjon;mõjuanalüüsid,,puudub,,https://www.reformiradar.ee/,Vabariigi Valitsuse tegevusprogramm 2015–2019;Rahandusministeeriumi valitsemisala arengukava aastateks 2016–2019,,,,https://www.rahandusministeerium.ee/system/files_force/document_files/riigi_ulesannete_analuusi_luhikokkuvote.pdf?download=1;Infokiri nr 1: https://www.rahandusministeerium.ee/sites/default/files/riigihaldus/riigivalitsemise_reform/riigivalitsemise_reformi_infokiri_1_2016_3.pdf;Infokiri nr 2: https://www.rahandusministeerium.ee/sites/default/files/riigihaldus/riigivalitsemise_reform/riigivalitsemise_reformi_infokiri_nr_2.pdf;Infokiri nr 3: https://www.rahandusministeerium.ee/sites/default/files/riigihaldus/riigivalitsemise_reform/riigivalitsemise_reformi_infokiri_nr_3.pdf;Infokiri nr 4: https://www.rahandusministeerium.ee/sites/default/files/riigihaldus/riigivalitsemise_reform/riigivalitsemise_reformi_infokiri_nr_4_29_08_2016_002.pdf;Infokiri nr 5: https://www.rahandusministeerium.ee/sites/default/files/riigihaldus/riigivalitsemise_reform/riigivalitsemise_reformi_infokiri_nr_5_23_09_2016.pdf;Infokiri nr 6: https://www.rahandusministeerium.ee/sites/default/files/rahandusministeeriumi_infokiri_22_11_16_0.pdf,
Riigi kui tööandja personalipoliitika VR 2014,DOK-009,VR,2014,[tähtajatu],,,http://www.praxis.ee/wp-content/uploads/2015/06/Riigi_kui_tooandja_personalipoliitika_valge_raamat.pdf,40,,RAM;riigihalduse minister,VV,RAM;Riigikantselei tippjuhtide kompetentsikeskus;ministeeriumid,"Maanteeamet;Maksu- ja Tolliamet;Tervise Arengu Instituut;SIM;Eesti Maaomavalitsuste Liit;Riigi- ja Omavalitsuste Töötajate Ametiühingute Liit;Riigikantselei;Eesti Linnade Liit;KAM;Tartu Linnavalitsus;Arengupartner OÜ;MKM;JUM;RAM;Tööandjate Keskliit;Eesti Koostöö Kogu;Tallinna Tehnikaülikool;Teenistujate Ametiliitude Keskorganisatsioon;Personalijuht OÜ;Poliitikauuringute Keskus Praxis;
valitsusasutuste ja põhiseaduslikke institutsioone teenindavate asutuste personalijuhid","Aivo Adamson (Maanteeamet)
Marek Helm (Maksu- ja Tolliamet)
Maris Jesse (Tervise Arengu Instituut)
Leif Kalev (Siseministeerium)
Ott Kasuri (Eesti Maaomavalitsuste Liit)
Kalle Liivamägi (Riigi- ja Omavalitsuste Töötajate Ametiühingute Liit)
Heiki Loot (Riigikantselei)
Anne Läns (Eesti Linnade Liit)
Mikk Marran (Kaitseministeerium)
Jüri Mölder (Tartu Linnavalitsus)
Mari Nõmm (Arengupartner OÜ)
Agris Peedu (Rahandusministeerium)
Marika Priske (Majandus- ja Kommunikatsiooniministeerium)
Tiina Randma-Liiv (Tallinna Tehnikaülikool)
Margus Sarapuu (Justiitsministeerium)
Veiko Tali (Rahandusministeerium)
Toomas Tamsar (Tööandjate Keskliit)
Külli Taro (Eesti Koostöö Kogu)
Milvi Tepp (Tallinna Tehnikaülikool)
Ago Tuuling (Teenistujate Ametiliitude Keskorganisatsioon)
Eela Velström (Personalijuht OÜ)
Rauno Vinni (Poliitikauuringute Keskus Praxis)
valitsusasutuste ja põhiseaduslikke institutsioone teenindavate asutuste personalijuhid",VV,ministrid,Ministeeriumid;valitsusasutuste hallatavad asutused;põhiseaduslikud institutsioonid;KOV ametiasutused;avalik-õiguslikud juriidilised isikud;riigi- ja KOV osalusega SAd;MTÜd;ÄÜd;KOV hallatavad asutused,"oskusteabe ja parimate praktikate leviku soodustamine
kogemuste vahetamiseks võimaluste loomine
avaliku teenistuse siseste kontaktide ja koostöö süvendamine
avaliku teenistuse personalijuhtimise taseme ühtlustamine
personalijuhtideni päevakajalise info toomine
ülevaate saamine personalijuhtide ootustest ja tagasiside saamine RaMi tegevusele personalitöö valdkondade koordineerimisel",,,,,puudub,,,,http://dokreg.kul.ee/index.php?id=10318&op=doc_details&dok_id=41245&asutus_id=1,Euroopa Sotsiaalfond,,https://www.riigiteataja.ee/aktilisa/3030/6201/5006/231klisa.pdf,
Avalike teenuste korraldamise RR 2013,DOK-010,RR,2014,2020,,,https://www.mkm.ee/sites/default/files/avalike_teenuste_korraldamise_roheline_raamat.pdf,20,,MKM,VV,MKM;infoühiskonna teenuste arendamise osakond,ministeeriumid;Riigikontroll;Riigikantselei;Eesti Linnade Liit;Eesti Maaomavalitsuste Liit;Registrite ja Infosüsteemide Keskus;Riigi Infosüsteemi Amet;Maksu- ja Tolliamet;Maanteeamet;Sotsiaalkindlustusamet;Põllumajanduse Registrite ja Informatsiooni Amet;Eesti Haigekassa;Töötukassa;Politsei- ja Piirivalveamet;Kaitseressursside Amet;Keskkonnaamet;Tarbijakaitseamet;Tööinspektsioon;Tallinna linn;Tartu linn;avalik konsultatsioon;dokumendihaldusnõukogu liikmed;riigiasutuste teenindusjuhid;Eesti Infotehnoloogia ja Telekommunikatsiooni Liit;Eesti Mittetulundusühingute ja Sihtasutuste Liit;Eesti Linnade Liit;Eesti Maaomavalitsuste Liit;E-riigi Akadeemia Sihtasutus;Eesti Kaubandus-Tööstuskoda,,MKM,,ministeeriumid;valitsusasutuste hallatavad asutused;põhiseaduslikud institutsioonid;KOV ametiasutused;avalik-õiguslikud juriidilised isikud;riigi- ja KOV osalusega SAd;MTÜd;ÄÜd;KOV hallatavad asutused,"leppida kokku eeldused lihtsa, mittekoormava, arusaadava, läbipaistva, turvalise, tõhusa ja kuluefektiivse avaliku teenuse korraldamiseks riigi ja kohalike omavalitsuste asutuste poolt",,,,,puudub,,,Eesti infoühiskonna arengukava 2020; aluseks teistele valdkondlikele;arengukavadele vastavates avalike teenuste korraldamise arendamise osades,,,,,
"Eesti inimarengu aruande ""Eesti rändeajastul"" 2017 soovitused ",DOK-011,RAPORT,2017,[tähtajatu],,,https://inimareng.ee/static_assets/pdf/Eesti%20inimarengu%20aruanne%202016-17.pdf,264,,,,Eesti Koostöö Kogu,peatoimetaja Tiit Tammaru;Tartu Ülikool;Tallinna Ülikool;Tallinna Tehnikaülikool,,Eesti Koostöö Kogu,[noinfo],[noinfo],,,,puudub,,puudub,,,,puudub,,,,
RIIGIVALITSEMISE JA E-RIIGI STSENAARIUMID,DOK-012,RAPORT,2018,2030,,,https://www.riigikogu.ee/wpcms/wp-content/uploads/2017/09/arenguseire_keskus_riigivalitsemise_raport_2018.pdf,78,,Riigikantselei,,Arenguseire Keskus,tunnustatud eksperdid Eestist ja välismaalt,,Arenguseire Keskus,Riigikogu,puudub,,,,puudub,,puudub,,,,puudub,,,,
Eesti tehisintellekti strateegia,DOK-013,STR,2019,,,,https://riigikantselei.ee/et/uudised/eesti-saab-tehisintellekti-strateegia,[koostamisel],,Riigikantselei ,,Riigikantselei,MKM;teised riigiasutused;ülikoolid;ettevõtted;sõltumatud eksperdid,,Riigikantselei,,Riigikantselei;MKM,"Kirjeldada, kus ja millistest krattidest võib enim kasu olla nii avalikus kui erasektoris ning meetmed, millega nende kasutuselevõtmist edendada",,,[koostamisel],,puudub,,,alles koostamisel,,,,[koostamisel],
Eesti 2035,DOK-014,STR,2020,2035,,1,,[koostamisel],,Riigikantselei,,RAM;Riigikantselei ,sotsiaalpartnerid;poliitikud;ametnikud;eksperdid;riigikogu,,Riigikantselei;RAM,VV,Riigikantselei;RAM,Lepitakse kokku riigi peamised arengueesmärgid ning vähendatakse arengukavade hulka ja bürokraatiat,,,[koostamisel],,puudub,,,Eesti 2020,,,,[koostamisel],
Eesti avatud valitsemise partnerluse tegevuskava 2018-2019,DOK-015,TK,2018,2020,,,https://riigikantselei.ee/et/valitsuse-toetamine/avatud-valitsemise-partnerlus/2018-2020-tegevuskava-koostamine,[koostamisel],,Riigikantselei;riigisekretär,Riigikantselei,AVP koordineeriv kogu,avalik konsultatsioon,,Riigikantselei;strateegiabüroo,AVP koordineeriv kogu,AVP koordineeriv kog;Riigikantselei;VÄM,,,,Riigikantselei;vahearuanded,1 aasta,aruanne;tegevuskava täitmise iga-aastased aruanded,,,,puudub,,,[koostamisel],
Riigireform ja hea halduse põhialused,DOK-016,,2018,,,,https://www.riigikogu.ee/infoallikad/fookusteemad/riigireform-ja-hea-halduse-pohialused,[koostamisel],,Riigikantselei,Riigikantselei,Riigikogu Riigireformi probleemkomisjon,,,Riigikogu Riigireformi probleemkomisjon,Riigikogu,VV,,,,[koostamisel],,puudub,,,,puudub,,,[koostamisel],
Tallinn 2020+,DOK-017,,2020,,,,,[koostamisel],,,,,,,,,,,,,,,,,,,,,,[koostamisel],
Metsanduse arengukava 2030,DOK-018,AK,2021,2030,,,https://www.envir.ee/sites/default/files/kohtumiselt_kogutud_esialgsed_ettepanekud_mak2030le.pdf,[koostamisel],,KEM;keskkonnaminister,,KEM,uurimisasutused;huvirühmad,,arengukava koostamise juhtrühm,Riigikogu,KEM,"Arengukava eesmärk on saavutada ühiskondlik kokkulepe metsade jätkusuutliku majandamise suunamiseks, arvestades nii sotsiaalseid, majanduslikke, keskkonnakaitselisi kui ka kultuurilisi aspekte. ",,,[koostamisel],,puudub,,,Metsaseadus,puudub,,,[koostamisel],
Säästev Eesti 21,DOK-019,STR,2005,2030,,1,https://riigikantselei.ee/sites/default/files/content-editors/Failid/saastev_eesti_21.pdf,74,https://app.metapdf.com/g/1Bb_Q0HT-9YXN8XmZBLZMF1thP8qnA57z,Riigikantselei,VV,Riigikantselei;TLU,"5 ekspertrühma, milles osales üle 50 eri eluvaldkondade asjatundja;Tallinna Pedagoogikaülikooli (TPÜ) Rahvusvaheliste ja Sotsiaaluuringute Instituut;TPÜ Ökoloogia Instituut;Eesti Tuleviku-uuringute Instituut;AS Lõhmus, Haavel ja Viisemann;Eesti Inseneride LiitPartnerina osales Säästva Eesti Instituut;SEI-Tallinn",,säästva arengu komisjon,VV;Riigikogu,säästva arengu komisjon,Eesti kultuuriruumi elujõulisus;Heaolu kasv;Sidus ühiskond;Ökoloogiline tasakaal,jätkusuutlikkus;kultuuriruum,,säästva arengu komisjon;SDG,,puudub,,,"ÜRO säästva arengu põhimõtted;Euroopa Liidu säästva arengu strateegia põhimõtted, vt veebileht http://www.europa.eu.int/comm/environment/eussd/index.htm;Eestis läbi viidud säästva arengu alased analüüsid ja käsitlused;Kõik teised Eestis juba koostatud arengukavad ja strateegiad",Rakendamine toimub erinevate valdkondlike strateegiate ja arengukavade kaudu,,,Säästva arengu näitajad: https://riigikantselei.ee/sites/default/files/content-editors/Failid/saastva_arengu_naitajad_1.pdf,ruumiloome
"Konkurentsivõime kava ""Eesti 2020""",DOK-020,STR,2018,2020,,1,https://riigikantselei.ee/sites/default/files/content-editors/Failid/eesti2020/ee2020_tekstiosa_2018-2020_heaks_kiidetud_26.4.2018.pdf,37,,VV,,ministeeriumidevaheline konkurentsivõime töörühm,töörühm;olulised partnerid;avalik konsultatsioon,,Riigisekretär,VV,ministeeriumidevaheline konkurentsivõime töörühm,"Saavutada tootlikkuse kiire kasv; Taastada majanduskriisi eelne kõrge tööhõive tase. Linnakeskkondade kompaktsuse suurendamine aitab kaasa konkurentsivõime tõusule; ruumi puuduvate otsuste puhul valdkondadeüleste mõjude kaalumine, arvestamine mõjudega ehitatud keskkonna ruumilisele arengule",ehitatud keskkond;avalik ruum;konkurentsivõime;ruumiline areng; jätkusuutlikkus,,Riigikantselei,,vahearuanne,,https://riigikantselei.ee/sites/default/files/content-editors/organisatsioon/failid/eesti_2020_vahearuanne.pdf,,TK,,https://riigikantselei.ee/sites/default/files/content-editors/Failid/eesti2020/ee2020_tegevuskava_2018-2020_heaks_kiidetud_26.4.2018.pdf,"""Eesti 2020“ kava uuendatakse valitsuse otsusega iga aasta aprilli lõpuks. Eelnevalt koostatakse igal aastal kava elluviimise aruanne, milles antakse ülevaade seatud eesmärkide saavutamisest, juba läbi viidud reformidest ning Euroopa Liidu soovituste täitmisest.",ruumiloome
Julgeolekupoliitika alused,DOK-021,STR,2017,[tähtajatu],,1,http://www.kaitseministeerium.ee/sites/default/files/sisulehed/eesmargid_tegevused/395xiii_rk_o_lisa.pdf,21,,Riigikantselei,,VV,VÄM;KAM;SIM;MKM;SOM;KEM;RAM,Koostamise protsessi koordineeris Riigikantselei juures Välisministeeriumi rahvusvaheliste organisatsioonide büroo nõunik Margus Kolga,Riigikantselei,Riigikogu,,"Kindlustada Eesti riigi iseseisvus ja sõltumatus, rahva ja riigi kestmine, territoriaalne terviklikkus, põhiseaduslik kord ja elanikkonna turvalisus. Alameesmärk (11. a) on toetada positiivseid majandus-, sotsiaal- ja keskkonnasuhteid linna-, äärelinna- ja maapiirkondade vahel, tugevdades riiklikku ja piirkondlikku arenguplaneerimist.",,diplomaatia;sõjaline kaitse;turvalisus;põhiseadusliku korra kaitse;konfliktiennetus;kriisiohje;majandusjulgeolek;majandusjulgeolekut toetav taristu;küberjulgeolek;elukeskkonna kindlus;ühiskonna kerksus;ühiskonna sidusus.,Riigikogu,,,,,,AK,,https://riigikantselei.ee/sites/default/files/content-editors/Failid/rkak_2017_2026_avalik_osa.pdf,"Julgeolekupoliitika aluseid muudetakse või täiendatakse vastavalt sellele, kuidas muutuvad julgeolekukeskkond ja Eesti julgeoleku tagamise võimalused, kuid iga Riigikogu koosseis uuendab neid vähemalt iga nelja aasta järel. Seletuskiri > https://www.osale.ee/konsultatsioonid/files/consult/292_JPA%20seletuskiri_03_01_2017.pdf",
Variraport: „Puuetega inimeste eluolu Eestis“,DOK-022,RAPORT,2018,[tähtajatu],,,http://www.epikoda.ee/wp-content/uploads/2018/03/EPIK_variraport_webi.pdf,148,,,huvikaitse;Eesti Puuetega Inimeste Koda,Eesti Puuetega Inimeste Koda,Eesti Puuetega Inimeste Koja 48 liikmesorganisatsiooni;Eesti Inimõiguste Keskus;Eesti Lastekaitse Liit;Eesti Patsientide Liit;SA Eesti Agrenska Fond;valdkondlikud eksperdid,Valdkondlikud eksperdid:soolise võrdõiguslikkuse ja võrdse kohtlemise volinik Liisa-Ly Pakosta;puuetega inimeste valdkonna rahvusvaheline ekspert Janina Arsenjeva;Lastekaitse Liidu lapse õiguste programmi koordinaator Helika Saar;rehabilitatsiooni valdkonna ekspert Karin Hanga, ,puudub,puudub,Kaitsta ja edendada puuetega inimeste õigusi,,,puudub,,puudub,,,ÜRO puuetega inimeste õiguste konventsioon;Vanemliku hoolitsuseta laste asendushoolduse poliitika roheline raamat;Tallinna ligipääsetavuse arengusuunad 2016-2022;Rahvastiku Tervise arengukava 2009–2020;Eesti tervishoiu arengusuunad aastani 2020;Harvikhaiguste arengukava;Hariduslike erivajadustega õpilaste õppekorralduse kontseptsioon;Eesti kutsekvalifikatsiooniraamistik;Sotsiaalhoolekande seadus;Puuetega inimeste sotsiaaltoetuste seadus;Avaliku teabe seadus;Tsiviilseadustiku üldosa seadus;Ravikindlustuse seadus;Sotsiaalmaksuseadus,puudub,,,,
"Üleriigiline planeering ""Eesti 2030+""",DOK-023,STR,2012,[tähtajatu],,,https://www.valitsus.ee/sites/default/files/content-editors/arengukavad/eesti_2030.pdf,46,,regionaalminister,VV,SIM;planeeringute osakond,eksperdid;ametnikud;maa- ja omavalitsused;huvitatud isikud;avalik konsultatsioon,,SIM,VV,SIM,"Saavutada otstarbekas ruumikasutus Eesti kui terviku mastaabis ning seada keskkonna eripärast lähtuvad ruumilised alused asustuse, liikuvuse, üleriigilise tehnilise taristu ja regionaalarengu kujundamiseks. Ruumilise arengu suunamine kõige üldisemates küsimustes. Pikaajaline strateegiline kava otstarbeka ruumikasutuse saavutamiseks, mis eelkõige peab looma sobiva elukeskkonna inimesele ning samas säilitama võimalikult tervikliku ja jätkusuutliku looduskeskkonna. Elamisvõimaluse tagamine Eesti igas piirkonnas.",ruumiline areng;elukeskkond;jätkusuutlikkus,,vähemalt kord kahe aasta jooksul,,puudub,,,Tööhõive ja majanduskasvu strateegia „Euroopa 2020”;„VASAB pikaajaline perspektiiv ruumiliseks arenguks Läänemere regioonis 2030+”;Üleriigiline planeering „Eesti 2010”;Eesti säästva arengu riiklik strateegia „Säästev Eesti 21”;„Eesti Kasvuvisiooni 2018” majandusarengu stsenaariumid;Valdade ja linnade üldplaneeringud;Maakonnaplaneeringud;Planeerimisseadus,,,,Lühiülevaade https://www.rahandusministeerium.ee/sites/default/files/document_files/ruumiline/eesti-2030_luhiulevaade_web1.pdf,ruumiloome
Siseturvalisuse arengukava 2015-2020,DOK-024,AK,2015,2020,,,https://www.siseministeerium.ee/sites/default/files/dokumendid/Arengukavad/siseturvalisuse_arengukava_2015-2020.pdf,134,,SIM;siseminister,,,,,,,,,,,,,,,,,,,,,
Rahvastiku tervise arengukava 2020-2030,DOK-025,AK,2020,2030,,,http://www.sm.ee/et/rahvastiku-tervise-arengukava-aastani-2030?utm_source=Kodaniku%C3%BChiskonna+n%C3%A4dalakiri&utm_campaign=409073cc30-Kodaniku%C3%BChiskonna+n%C3%A4dalakiri+3%2F2018&utm_medium=email&utm_term=0_cd8d072a81-409073cc30-240211737,[koostamisel],,SOM;sotsiaalminister,,SIM,,,,,,,,,,,,,,,,,,,
Siseturvalisuse arengukava aastateks 2020-2030,DOK-026,AK,2020,2030,,,,,,SIM;siseminister,,,,,,,,,,,,,,,,,,,,,
Kliimamuutustega kohanemise arengukava aastani 2030,DOK-027,AK,2016,2030,,,https://www.envir.ee/sites/default/files/kliimamuutustega_kohanemise_arengukava_aastani_2030_0.pdf,52,,KEM;keskkonnaminister,,,,,,,,,,,,,,,,,,,,,ruumiloome
Lõimuv Eesti 2020,DOK-028,AK,2016,2020,,,http://www.kul.ee/sites/kulminn/files/le2020_arengukava_uuendatud_2016.pdf,45,,KUM;kultuuriminister,,,,,,VV,,,,,,,,,,,,,,,
Metsanduse arengukava 2020,DOK-029,AK,2011,2020,,,https://www.envir.ee/sites/default/files/elfinder/article_files/mak2020vastuvoetud.pdf,39,,KEM;keskkonnaminister,,,,,,,,"Arengukava eesmärgid on sealhulgas:
- tagada metsade kui elu- ja looduskeskkonna säilimine,
- luua eeldused metsasektori ettevõtete konkurentsi- ja kohanemisvõime ning arenguvõimaluste parandamiseks sh töökohtade säilitamiseks ja loomiseks,
- suurendada investeeringuid metsamajandusse ning teadus- ja arendustegevusse,
- tugevdada metsasektori identiteeti ja mainet,
- mitmekesistada puhke- ja vaba aja veetmise võimalusi metsades,
- tõhustada erametsade majandamist.",,,,,,,,,,,,,
Eesti keskkonnastrateegia aastani 2030,DOK-030,STR,2007,2030,,,http://www.keskkonnainfo.ee/failid/viited/strateegia30.pdf,60,,KEM;keskkonnaminister,,,,,KEM;keskkonnaminister,Riigikogu,KEM,,,,aasta,3,,,Keskkonnategeuskava monitooring,,,,,,
Ehitusmaavarade kasutamise riiklik arengukava 2020,DOK-031,AK,2011,2020,,,http://www.envir.ee/sites/default/files/ehitusmaavarade_kasutamise_riiklik_arengukava_2011-2020.pdf,51,,KEM;keskkonnaminister,,,,,,VV,,"Ehitusmaavarade ehk looduslike ehitusmaterjalide arengukava on maapõuealane strateegiline dokument, mille eesmärk on määrata riigi huvi ja selle alusel lahendada koostamise ettepaneku eelnõus nimetatud ehitusmaavarade kaevandamise ja kasutamisega seotud vastuolud ja probleemid, kindlustades Eesti järjepideva varustatuse nimetatud ehitustoormega.
",,,,,"lõpparuanne;Ehitusmaavarade kasutamise riikliku arengukava 2011-2020 täitmise lõpparuanne
",2017,http://www.envir.ee/sites/default/files/ehmaak_lopparuanne.pdf,,,,,"Vabariigi Valitsus otsustas 2017. aastal arengukava elluviimine lõpetada, kuna arengukava strateegilised eesmärgid on saavutatud.

",
Põlevkivi kasutamise riiklik arengukava 2016-2030,DOK-032,AK,2016,2030,,,https://www.riigiteataja.ee/aktilisa/3180/3201/6002/RKo_16032016_Lisa.pdf#,140,,KEM;keskkonnaminister,VV,KEM;MKM;HTM;RAM;SIM;SOM;Riigikantselei,KEM;ülikoolid;ministeeriumid;huvigrupid,,KEM;keskkonnaminister,Riigikogu,KEM,,,,,,,,,Maapõueseadus;Eesti Keskkonnastrateegia aastani 2030,,,,,
Looduskaitse arengukava aastani 2020,DOK-033,AK,2012,2020,,,https://www.envir.ee/sites/default/files/lak_lop_0.pdf,48,,KEM;keskkonnaminister,,KEM,,,KEM;keskkonnaminister,,KEM,,,,,,,,,,,,,,
Riigi jäätmekava 2014-2020,DOK-034,AK,2014,2020,,,https://www.envir.ee/sites/default/files/riigi_jaatmekava_2014-2020.pdf,94,,KEM;keskkonnaminister,VV,KEM,,,KEM;keskkonnaminister,Riigikogu,KEM,"Riigi jäätmekava on Eesti jäätmehooldust korraldav ja suunav valdkonna strateegiline arengukava. Selle peamine eesmärk on korrastada ning korraldada jäätmehooldust süsteemselt kõigil valdkonna tasanditel. Arengukava ühtlustab eesmärgid riigi kui terviku jaoks, seab sihid ja ülesanded kohalikele omavalitsustele, ettevõtjatele, tootjatele ja elanikkonnale. Jäätmekava strateegiline eesmärk on jäätmehierarhia põhimõtte rakendamine. Sealjuures on rõhk eelkõige jäätmetekke ja majanduskasvu omavahelise seose katkestamiseks vajalike meetmete välja töötamine.
",,,,,,,,,,,,,
Energiamajanduse arengukava aastani 2030 (ENMAK 2030),DOK-035,AK,2017,2030,,,https://www.mkm.ee/sites/default/files/enmak_2030.pdf,119,,MKM;majandus- ja taristuminister,,,,,MKM,VV,,"Eesti energiamajanduse arengukava koondab aastani 2030 elektri-, soojus- ja kütusemajanduse, transpordisektori energiakasutuse ja elamumajanduse energiakasutusega seonduvad tuleviku tegevused",,,,,,,,,,,,,ruumiloome
Noortevaldkonna arengukava 2014-2020,DOK-036,AK,2014,2020,,,https://www.hm.ee/sites/default/files/noortevaldkonna_arengukava_2014-2020.pdf,14,,HTM;haridus- ja teadusminister,,HTM,,,HTM,VV,"HTM;Eesti Noorsootöö Keskus
","Lähtudes noorte seisundist ja Eesti seatud eesmärkidest on perioodil 2014-2020 noortevaldkonnas
vajalik võtta fookusesse järgmine:
- Rohkem võimalusi loovuse arendamiseks, omaalgatuseks ja ühistegevuseks.
- Ebavõrdsete olude mõju vähendamine noore arenguvõimalustele ja tõrjutuse vältimine.
- Aktiivne osalus kogukonnas ja otsustes.
- Edukus tööturul.
- Kvaliteetne noortepoliitika ja noorsootöö",,,,,,,,,,,,,
Eesti elukestva õppe strateegia 2020,DOK-037,STR,2014,2020,,,https://www.hm.ee/sites/default/files/strateegia2020.pdf,17,,HTM;haridus- ja teadusminister,,HTM,,,,,,,,,,,,,,,,,,,
Teadmistepõhine Eesti 2014-2020,DOK-038,STR,2014,2020,,,https://www.hm.ee/sites/default/files/59705_teadmistepohine_eesti_est.pdf,28,,HTM;haridus- ja teadusminister,HTM;MKM,HTM,eksperdid;Teadus- ja Arendusnõukogu;teadmistepõhine Eesti strateegia koostamise komisjon;teaduspoliitika komisjon;innovatsiooni- ja ettevõtluspoliitika komisjon;teadus- ja innovatsioonipoliitika seire programmi;teadusasutused;ettevõtjad;riigiasutused,"Strateegia ettevalmistamisse kaasati üle 200 spetsialisti teaduse, ettevõtluse ja riigi poolt – sh. Teadus- ja Arendusnõukogu (TAN), TAI strateegia koostamise komisjon, teaduspoliitika komisjon, innovatsiooni- ja ettevõtluspoliitika komisjon, teadus- ja innovatsioonipoliitika seire (TIPS) programmi, teadusasutuste, ettevõtjate ja riigiasutuste esindajad",HTM,Riigikogu,HTM,,,,,,,,,,,,,,
Korruptsioonivastane strateegia 2020,DOK-039,STR,2013,2020,,,https://www.valitsus.ee/sites/default/files/content-editors/arengukavad/strateegia_korruptsioonivastane_2013_2020.pdf,8,,,,,,,,,,,,,,,,,,,,,,,
Vägivalla ennetamise strateegia 2015-2020,DOK-040,STR,2015,2020,,,https://www.valitsus.ee/sites/default/files/content-editors/arengukavad/vagivalla_ennetamise_strateegia_2015-2020_kodulehele.pdf,29,,JUM;justiitsminister,,JUM,,,JUM,,JUM,,,,,,,,,,,,,,
Riigikaitse arengukava 2017-2026,DOK-041,AK,2017,2026,,,https://riigikantselei.ee/sites/default/files/content-editors/Failid/rkak_2017_2026_avalik_osa.pdf,25,,KAM;kaitseminister,,,,,,,,,,,,,,,,,,,,,
Ruumiloome ekspertkomisjoni aruanne,DOK-042,RAPORT,,,,,,59,,Riigikantselei,VV,Riigikantselei;ruumiloome ekspertrühm,,,,,,"Terviklik, läbimõeldud ja säästlik ruumiloome nii strateegilistes dokumentides, õigusaktides kui ruumimõjuga otsuste langetamisel. Vajalik on riiklikul tasandil ruumiloomemeeskonna loomine. ÜRP-le tuleb anda strateegilise visioonidokumendi jõud. Vajalik on parem koostöö ""silode"" vahel ruumieesmärkide saavutamisel.",ruumiline areng;ruumiloome;ruumipädevus;ruumiotsus;ruumiline planeerimine;ruumieesmärk,,,,,,,,,,,,ruumiloome
Transpordiarengukava 2014-2020,DOK-043,AK,,,,,https://www.mkm.ee/sites/default/files/transpordi_arengukava.pdf,74,,MKM,VV,MKM,,,,,,Ökonoomne ja keskkonnasäästlik transpordi areng; mugav ja nutikas liikumiskeskkond; paikkonnast lähtuv ühistranspordi planeerimine; säästev liikuvus kui inimesele suunatud elukeskkonna loomine,liikumiskeskkond;säästev liikuvus;paikkond;elukeskkond,,,,,,,,,,,,ruumiloome
Euroopa maastikukonventsioon,DOK-044,KONV,2018,,,,http://www.envir.ee/sites/default/files/maastikukonventsiooni_eestikeelne_ametlik_tolge.pdf,7,,KEM,EU;NÕ,,,,,,,"maastike kaitse, korralduse ja planeerimise, samuti selle alase koostöö edendamine Euroopas; ühiskonna kultuuri, sotsiaalse heaolu, ökoloogia ja majanduse toetamine; maastiku olulisuse elukeskkonna osana näitamine;",maastik;ruumiplaneerimine;maastikuplaneerimine;maastikupoliitika;,,,,,,,,,,,,ruumiloome
Davos deklaratsioon,DOK-045,DEK,2018,,,,,,,,EU;kultuuriministrid,,,,,,,"Kvaliteetse ehituskultuuri ühiskonnakasudele tähelepanu juhtimine, milleks on kõrge elukvaliteet, kultuuriline mitmekesisus, individuaalne ja kollektiivne heaolu, sotsiaalne õiglus ja sidusus ning majanduslik tõhusus; teadlik ruumilise keskkonna arengu suunamine",ehituskultuur;kvaliteet;jätkusuutlikkus;kultuuriruum,,,,,,,,,,,,ruumiloome
ÜRO eesmärgid,DOK-046,,,,,,,,,,,,,,,,,,,,,,,,,,,,,,ruumiloome
"Arengu ruumiline ja strateegiline kavandamine, sh regionaaltasandi funktsioonid ruumilise arengu suunamisel",DOK-047,RAPORT,2017,,,,https://planeerimine.ee/static/sites/2/arengu-ruumiline-ja-strateegiline-kavandamine.pdf,141,,,,,,,,,,,,,,,,,,,,,,,ruumiloome
Kultuuripoliitika 2020,DOK-048,,,,,,,,,,,,,,,,,,,,,,,,,,,,,,ruumiloome
Eesti arhitektuurivaldkonna arengukava 2011–2015,DOK-049,AK,,,,,,,,,,,,,,,,,,,,,,,,,,,,,ruumiloome
Maapiirkond noorte elu- ja ettevõtluskeskkonnana,DOK-050,,,,,,,,,,,,,,,,,,,,,,,,,,,,,,ruumiloome
Eesti ettevõtluse kasvustrateegia 2020,DOK-051,STR,,,,,,,,,,,,,,,,,,,,,,,,,,,,,ruumiloome
Riigieelarve seletuskiri,DOK-052,,,,,,,,,,,,,,,,,,,,,,,,,,,,,,